order_id,customer_id,order_date,item,amount,status
1,2,2024-10-02,Laptop,358.26,Delivered
2,2,2022-04-27,Monitor,955.66,Cancelled
3,2,2020-10-22,Phone,330.15,Cancelled
4,2,2021-05-19,Headphones,1976.65,Cancelled
5,2,2023-06-14,Monitor,304.99,Cancelled
6,3,2022-10-19,Phone,257.06,Pending
7,3,2023-03-15,Monitor,288.92,Delivered
8,3,2023-03-09,Mouse,324.71,Shipped
9,3,2023-01-30,Keyboard,1893.5,Delivered
10,4,2025-06-05,Mouse,1636.28,Cancelled
11,5,2024-01-05,Mouse,1021.62,Delivered
12,6,2023-09-05,Keyboard,1019.87,Shipped
13,6,2021-03-03,Monitor,1035.62,Pending
14,6,2021-01-29,Mouse,1187.52,Shipped
15,8,2023-02-28,Monitor,1215.16,Delivered
16,8,2021-07-01,Keyboard,1096.55,Shipped
17,9,2020-09-27,Mouse,1770.79,Cancelled
18,9,2025-07-04,Monitor,763.58,Delivered
19,9,2022-08-28,Laptop,1162.05,Pending
20,10,2024-06-12,Phone,612.77,Delivered
21,10,2020-11-27,Phone,928.19,Cancelled
22,11,2023-04-16,Headphones,1241.53,Pending
23,11,2022-09-02,Laptop,818.11,Cancelled
24,11,2021-10-12,Phone,1880.95,Pending
25,11,2022-07-06,Mouse,1224.8,Delivered
26,12,2025-02-07,Laptop,138.34,Pending
27,12,2021-08-25,Headphones,699.43,Delivered
28,12,2022-11-23,Phone,941.13,Pending
29,12,2021-05-14,Keyboard,1866.17,Cancelled
30,13,2024-06-17,Monitor,1981.7,Cancelled
31,14,2024-01-09,Keyboard,1039.26,Delivered
32,14,2020-11-17,Headphones,1147.7,Delivered
33,14,2023-09-20,Laptop,768.3,Shipped
34,14,2024-12-30,Monitor,1188.22,Shipped
35,15,2025-05-12,Monitor,567.78,Pending
36,15,2024-05-26,Headphones,150.14,Delivered
37,15,2021-04-27,Mouse,1072.25,Delivered
38,15,2022-07-25,Mouse,1652.24,Pending
39,17,2022-08-08,Headphones,264.3,Shipped
40,17,2023-01-28,Monitor,661.7,Pending
41,17,2020-10-15,Monitor,1396.48,Delivered
42,17,2022-09-27,Phone,1561.2,Delivered
43,18,2022-07-16,Headphones,171.45,Pending
44,18,2022-02-27,Phone,454.32,Cancelled
45,18,2022-11-28,Headphones,982.82,Delivered
46,18,2021-09-14,Keyboard,1915.54,Delivered
47,18,2022-10-19,Phone,717.54,Cancelled
48,19,2024-01-16,Headphones,1377.45,Cancelled
49,19,2021-01-24,Phone,994.15,Pending
50,19,2024-11-28,Keyboard,1138.27,Pending
51,19,2023-07-25,Keyboard,1553.79,Pending
52,19,2021-01-23,Headphones,1424.73,Cancelled
53,20,2021-06-19,Keyboard,1142.95,Cancelled
54,20,2022-06-17,Keyboard,287.65,Delivered
55,20,2021-08-29,Monitor,1645.84,Pending
56,21,2020-10-26,Laptop,610.88,Shipped
57,21,2024-08-11,Keyboard,1851.82,Cancelled
58,22,2021-09-04,Monitor,467.27,Cancelled
59,22,2022-01-11,Phone,1407.53,Pending
60,22,2024-02-10,Laptop,1250.57,Pending
61,22,2023-11-29,Mouse,148.99,Pending
62,22,2022-05-16,Headphones,504.03,Shipped
63,23,2020-10-09,Keyboard,1448.85,Shipped
64,23,2021-04-18,Headphones,1552.99,Shipped
65,23,2021-07-26,Phone,1956.93,Pending
66,24,2024-07-08,Headphones,1873.31,Delivered
67,24,2021-10-18,Monitor,1318.55,Cancelled
68,24,2022-04-24,Keyboard,606.56,Shipped
69,26,2023-09-16,Phone,502.83,Shipped
70,26,2022-11-26,Mouse,864.88,Pending
71,26,2023-03-14,Laptop,1994.49,Delivered
72,26,2023-11-10,Monitor,413.31,Cancelled
73,26,2024-02-29,Laptop,68.07,Shipped
74,27,2021-02-04,Keyboard,935.98,Delivered
75,27,2021-10-07,Mouse,1709.57,Delivered
76,28,2023-09-06,Mouse,1627.19,Cancelled
77,28,2023-08-03,Mouse,1475.68,Cancelled
78,29,2020-09-18,Mouse,77.46,Cancelled
79,29,2021-03-25,Keyboard,1157.17,Pending
80,29,2023-10-16,Mouse,1241.36,Delivered
81,29,2024-01-09,Monitor,1054.8,Shipped
82,29,2020-11-02,Monitor,1355.05,Pending
83,30,2021-04-04,Monitor,681.02,Pending
84,32,2023-11-07,Monitor,509.27,Cancelled
85,32,2023-12-01,Keyboard,638.79,Shipped
86,33,2021-04-20,Headphones,751.13,Pending
87,33,2024-10-18,Laptop,1352.18,Delivered
88,34,2024-04-18,Mouse,840.56,Cancelled
89,34,2021-02-11,Headphones,278.96,Cancelled
90,35,2022-08-17,Phone,480.66,Pending
91,35,2022-05-02,Monitor,348.71,Cancelled
92,36,2024-02-01,Headphones,1121.01,Delivered
93,36,2022-08-29,Phone,1613.89,Pending
94,36,2021-06-23,Mouse,1376.67,Shipped
95,37,2023-01-15,Monitor,1079.94,Cancelled
96,37,2025-04-18,Laptop,1838.63,Shipped
97,37,2020-10-22,Laptop,1666.11,Pending
98,37,2020-08-28,Phone,1096.49,Pending
99,38,2024-02-01,Phone,911.59,Pending
100,38,2023-10-19,Headphones,1187.14,Shipped
101,39,2023-03-14,Monitor,1626.95,Delivered
102,39,2023-09-27,Mouse,1050.83,Delivered
103,39,2025-03-22,Phone,162.59,Delivered
104,39,2023-09-20,Headphones,1623.48,Shipped
105,40,2021-03-27,Keyboard,1642.08,Pending
106,40,2021-01-15,Phone,192.41,Delivered
107,40,2021-06-27,Keyboard,1415.75,Shipped
108,42,2025-05-30,Laptop,609.83,Pending
109,42,2020-07-15,Mouse,1543.36,Delivered
110,42,2023-02-08,Keyboard,1986.07,Delivered
111,43,2025-04-23,Monitor,782.51,Pending
112,43,2020-09-11,Headphones,1727.56,Shipped
113,43,2023-11-07,Mouse,1986.05,Delivered
114,44,2021-04-10,Mouse,1469.32,Pending
115,44,2021-04-02,Laptop,1524.55,Cancelled
116,44,2023-02-24,Monitor,1363.32,Delivered
117,44,2023-03-10,Phone,789.59,Pending
118,45,2022-11-20,Monitor,725.01,Cancelled
119,46,2022-07-08,Headphones,1542.71,Shipped
120,47,2024-10-27,Monitor,1249.1,Shipped
121,47,2023-02-20,Mouse,451.86,Shipped
122,47,2024-02-07,Phone,115.47,Shipped
123,47,2022-05-21,Mouse,1494.06,Delivered
124,47,2024-06-19,Monitor,506.96,Pending
125,49,2023-02-13,Phone,1987.29,Pending
126,50,2024-02-09,Phone,671.86,Cancelled
127,50,2022-07-25,Mouse,638.44,Pending
128,50,2023-05-05,Headphones,1066.44,Delivered
129,50,2023-05-08,Keyboard,586.55,Pending
130,50,2024-11-02,Headphones,1373.56,Delivered
131,52,2023-09-10,Headphones,1359.12,Cancelled
132,52,2023-12-20,Headphones,861.83,Pending
133,53,2024-06-14,Monitor,408.56,Delivered
134,53,2024-11-24,Mouse,1706.21,Cancelled
135,54,2021-06-03,Mouse,1621.26,Shipped
136,54,2020-11-30,Phone,854.72,Delivered
137,54,2025-03-13,Phone,1083.48,Delivered
138,54,2023-08-09,Mouse,547.24,Cancelled
139,54,2020-12-12,Headphones,204.19,Delivered
140,55,2022-04-25,Laptop,1094.49,Pending
141,55,2024-07-23,Laptop,573.5,Shipped
142,57,2024-06-22,Phone,1462.4,Pending
143,58,2025-02-27,Mouse,1745.47,Cancelled
144,58,2022-03-19,Keyboard,1916.19,Shipped
145,58,2023-07-21,Mouse,1877.46,Shipped
146,59,2021-04-07,Monitor,1833.16,Pending
147,59,2023-12-13,Monitor,1834.5,Cancelled
148,59,2023-09-23,Keyboard,792.29,Cancelled
149,59,2021-03-10,Keyboard,560.05,Delivered
150,59,2024-06-19,Monitor,242.29,Delivered
151,60,2021-10-15,Mouse,772.87,Delivered
152,60,2020-10-21,Laptop,1146.92,Pending
153,61,2020-11-12,Mouse,81.63,Delivered
154,61,2023-02-14,Keyboard,347.2,Cancelled
155,61,2024-09-17,Mouse,790.69,Pending
156,61,2025-02-26,Monitor,1123.75,Cancelled
157,61,2021-01-29,Keyboard,1538.55,Delivered
158,62,2020-12-03,Headphones,1492.21,Delivered
159,62,2023-11-12,Mouse,1478.91,Cancelled
160,62,2023-04-20,Mouse,322.92,Delivered
161,62,2024-12-31,Mouse,1837.95,Shipped
162,62,2021-09-29,Phone,115.96,Shipped
163,63,2024-01-19,Laptop,1540.46,Delivered
164,63,2022-06-03,Mouse,1692.96,Pending
165,63,2023-04-11,Laptop,1428.98,Shipped
166,63,2023-09-06,Mouse,1036.18,Cancelled
167,63,2022-04-28,Laptop,1254.78,Delivered
168,64,2020-12-09,Monitor,80.68,Delivered
169,64,2022-11-14,Laptop,82.62,Cancelled
170,64,2025-04-27,Phone,1956.08,Shipped
171,64,2024-05-02,Phone,1635.66,Delivered
172,64,2021-09-07,Mouse,258.68,Shipped
173,65,2024-02-09,Mouse,519.89,Cancelled
174,65,2020-07-25,Keyboard,571.28,Delivered
175,65,2024-08-23,Laptop,777.45,Delivered
176,65,2020-08-23,Monitor,1151.75,Pending
177,66,2021-01-23,Headphones,1664.72,Shipped
178,66,2022-05-21,Headphones,1983.77,Shipped
179,68,2024-07-04,Monitor,785.48,Delivered
180,68,2022-06-17,Laptop,1291.66,Pending
181,68,2025-05-14,Laptop,1024.72,Delivered
182,69,2024-10-05,Keyboard,1153.42,Shipped
183,69,2024-01-21,Phone,1842.35,Pending
184,69,2020-11-12,Mouse,1807.48,Delivered
185,69,2024-07-20,Keyboard,140.8,Shipped
186,69,2021-08-30,Headphones,1854.89,Shipped
187,70,2022-10-31,Keyboard,80.53,Pending
188,71,2023-06-05,Mouse,1516.9,Delivered
189,71,2022-08-29,Laptop,633.59,Pending
190,71,2022-05-07,Phone,1677.57,Delivered
191,71,2025-02-28,Headphones,1798.23,Cancelled
192,72,2023-06-16,Headphones,322.9,Shipped
193,72,2022-07-17,Phone,1503.64,Cancelled
194,72,2024-01-15,Laptop,240.49,Pending
195,74,2025-01-28,Phone,1549.56,Delivered
196,74,2022-09-27,Keyboard,107.77,Cancelled
197,75,2024-01-28,Monitor,494.87,Delivered
198,75,2023-07-26,Monitor,412.19,Delivered
199,75,2025-03-18,Laptop,1555.73,Cancelled
200,76,2024-06-28,Headphones,193.34,Cancelled
201,77,2023-08-14,Monitor,1437.77,Pending
202,78,2021-03-23,Monitor,667.52,Shipped
203,78,2021-03-05,Laptop,60.13,Cancelled
204,78,2024-10-16,Monitor,751.84,Cancelled
205,78,2024-11-19,Laptop,308.39,Pending
206,78,2021-01-10,Monitor,925.25,Delivered
207,82,2021-07-06,Phone,231.48,Cancelled
208,82,2022-08-29,Monitor,74.06,Delivered
209,83,2021-11-23,Laptop,1463.45,Pending
210,83,2020-09-08,Phone,1066.15,Delivered
211,83,2022-05-30,Mouse,320.74,Cancelled
212,84,2025-07-11,Monitor,334.57,Pending
213,84,2020-10-30,Monitor,588.13,Cancelled
214,85,2024-12-20,Laptop,754.19,Pending
215,85,2023-02-07,Headphones,1268.82,Pending
216,85,2023-04-27,Monitor,258.6,Cancelled
217,87,2022-05-08,Keyboard,1691.15,Delivered
218,87,2025-02-26,Keyboard,908.43,Delivered
219,87,2022-06-20,Headphones,1949.74,Pending
220,88,2021-08-20,Keyboard,1226.26,Pending
221,88,2024-06-10,Monitor,662.66,Delivered
222,89,2023-08-03,Keyboard,1483.01,Delivered
223,89,2023-09-07,Phone,1574.85,Cancelled
224,90,2023-03-31,Keyboard,1642.16,Delivered
225,90,2023-11-16,Keyboard,272.08,Pending
226,90,2021-01-10,Phone,1994.67,Pending
227,91,2023-05-21,Phone,102.49,Delivered
228,91,2021-11-01,Headphones,458.81,Cancelled
229,91,2024-09-20,Headphones,184.86,Delivered
230,91,2023-02-21,Headphones,1023.64,Cancelled
231,91,2021-02-26,Mouse,542.73,Pending
232,92,2020-11-01,Monitor,1588.7,Shipped
233,92,2021-07-25,Monitor,1981.87,Delivered
234,92,2022-12-05,Phone,831.57,Delivered
235,92,2022-06-02,Phone,121.69,Cancelled
236,92,2020-11-20,Headphones,1796.23,Shipped
237,94,2021-10-10,Headphones,1346.15,Pending
238,95,2025-06-01,Phone,136.38,Delivered
239,95,2024-07-30,Keyboard,1933.15,Delivered
240,95,2021-02-05,Laptop,70.57,Cancelled
241,95,2024-04-29,Mouse,1045.82,Pending
242,95,2023-07-17,Monitor,779.53,Delivered
243,96,2020-09-26,Phone,1396.35,Pending
244,96,2021-06-26,Keyboard,1995.52,Delivered
245,96,2022-01-08,Laptop,626.09,Shipped
246,96,2022-10-28,Laptop,1671.07,Pending
247,96,2022-04-17,Keyboard,658.19,Delivered
248,97,2023-04-13,Phone,991.71,Delivered
249,99,2021-05-29,Headphones,1408.69,Cancelled
250,99,2021-11-13,Laptop,635.51,Shipped
251,99,2022-09-12,Laptop,1705.9,Shipped
252,100,2023-02-21,Mouse,1863.35,Pending
253,100,2023-12-31,Phone,390.18,Pending
254,100,2022-07-26,Keyboard,1141.71,Delivered
255,100,2024-11-16,Mouse,1605.62,Pending
256,100,2023-11-23,Mouse,1298.93,Delivered
257,101,2021-01-27,Laptop,1487.91,Pending
258,101,2022-08-11,Monitor,1204.8,Delivered
259,101,2023-03-09,Laptop,1424.23,Pending
260,102,2023-10-24,Headphones,1627.02,Shipped
261,102,2021-06-24,Phone,248.42,Pending
262,103,2022-12-09,Keyboard,434.29,Shipped
263,103,2025-01-07,Keyboard,1357.87,Delivered
264,104,2021-02-07,Headphones,661.14,Delivered
265,104,2023-06-17,Phone,815.46,Shipped
266,104,2020-07-18,Keyboard,736.37,Delivered
267,104,2024-10-19,Phone,386.43,Cancelled
268,105,2022-03-14,Phone,215.27,Pending
269,105,2022-08-24,Keyboard,279.83,Cancelled
270,105,2025-01-04,Laptop,406.94,Pending
271,105,2024-04-18,Phone,807.5,Pending
272,106,2021-10-10,Monitor,874.93,Delivered
273,106,2021-01-05,Headphones,1097.89,Pending
274,106,2025-06-20,Phone,375.39,Cancelled
275,106,2021-04-07,Mouse,414.84,Delivered
276,107,2021-01-07,Laptop,1737.77,Shipped
277,107,2022-03-13,Monitor,316.24,Delivered
278,107,2020-12-02,Phone,1035.6,Delivered
279,107,2021-07-21,Monitor,1385.16,Delivered
280,108,2021-08-23,Monitor,1002.96,Shipped
281,108,2024-11-08,Phone,110.18,Pending
282,108,2022-08-05,Keyboard,113.76,Pending
283,108,2020-09-10,Phone,612.91,Delivered
284,108,2024-05-19,Phone,1497.91,Delivered
285,109,2022-02-15,Phone,270.76,Shipped
286,109,2023-06-07,Keyboard,1561.47,Cancelled
287,109,2023-06-19,Phone,1654.09,Shipped
288,109,2022-11-06,Headphones,910.66,Pending
289,110,2024-04-30,Laptop,1485.18,Pending
290,110,2022-04-16,Keyboard,1755.88,Shipped
291,110,2023-12-07,Monitor,562.49,Shipped
292,111,2021-10-17,Laptop,1562.48,Pending
293,111,2025-01-27,Mouse,1630.87,Cancelled
294,111,2021-01-08,Headphones,1240.01,Delivered
295,112,2022-10-31,Phone,321.51,Pending
296,113,2022-05-20,Laptop,1161.64,Cancelled
297,114,2021-09-10,Phone,378.34,Cancelled
298,114,2023-11-12,Keyboard,1166.83,Shipped
299,114,2021-08-28,Mouse,1927.41,Delivered
300,114,2020-10-03,Laptop,1985.35,Pending
301,115,2021-06-12,Mouse,536.87,Cancelled
302,115,2022-04-04,Mouse,1534.87,Delivered
303,115,2022-01-10,Monitor,327.23,Cancelled
304,115,2024-04-14,Headphones,857.74,Delivered
305,115,2023-12-18,Laptop,1285.57,Shipped
306,116,2022-06-15,Phone,1512.11,Cancelled
307,116,2021-09-18,Monitor,1903.0,Cancelled
308,116,2022-01-29,Phone,54.82,Shipped
309,117,2025-01-29,Monitor,1287.94,Cancelled
310,117,2022-03-01,Laptop,1601.57,Delivered
311,117,2021-08-15,Mouse,1937.85,Pending
312,117,2024-07-09,Monitor,573.65,Cancelled
313,117,2023-12-06,Keyboard,1117.26,Pending
314,118,2022-09-20,Monitor,1587.19,Shipped
315,118,2024-10-05,Laptop,244.17,Delivered
316,118,2023-05-06,Laptop,292.26,Pending
317,118,2024-06-06,Monitor,940.21,Delivered
318,119,2021-03-29,Headphones,1823.34,Cancelled
319,120,2025-02-02,Keyboard,232.01,Cancelled
320,121,2021-02-15,Laptop,775.1,Pending
321,121,2020-12-04,Laptop,822.87,Cancelled
322,122,2021-01-25,Headphones,1522.7,Delivered
323,122,2023-11-16,Headphones,227.84,Shipped
324,122,2023-01-11,Laptop,466.17,Shipped
325,122,2024-01-03,Mouse,1207.68,Delivered
326,122,2021-05-05,Laptop,65.72,Cancelled
327,124,2024-04-24,Headphones,307.74,Shipped
328,124,2022-11-29,Mouse,796.99,Shipped
329,124,2022-11-21,Laptop,661.04,Cancelled
330,125,2021-01-17,Monitor,1558.25,Pending
331,126,2021-09-10,Headphones,328.56,Shipped
332,126,2024-09-29,Phone,1317.54,Delivered
333,126,2025-05-30,Keyboard,1458.74,Pending
334,126,2022-06-22,Monitor,1251.35,Delivered
335,126,2023-12-06,Mouse,219.04,Shipped
336,127,2024-02-29,Laptop,1199.67,Delivered
337,128,2022-09-14,Monitor,663.28,Pending
338,128,2021-08-29,Mouse,590.09,Shipped
339,129,2025-06-22,Phone,1221.95,Cancelled
340,130,2021-10-27,Laptop,1703.39,Cancelled
341,130,2025-06-10,Mouse,1059.61,Pending
342,130,2024-08-09,Headphones,813.91,Shipped
343,130,2024-06-26,Mouse,1015.03,Shipped
344,130,2023-04-20,Mouse,1024.19,Shipped
345,131,2020-07-25,Laptop,1974.42,Cancelled
346,131,2022-09-19,Mouse,804.33,Delivered
347,131,2022-06-10,Keyboard,1115.39,Pending
348,131,2021-01-27,Monitor,1911.18,Shipped
349,133,2021-02-05,Laptop,76.9,Pending
350,133,2021-11-12,Laptop,1849.03,Delivered
351,133,2023-04-15,Phone,608.65,Delivered
352,133,2024-10-13,Monitor,1418.53,Shipped
353,134,2023-04-26,Phone,1098.43,Pending
354,134,2021-08-05,Keyboard,213.01,Shipped
355,134,2024-07-06,Phone,1845.8,Pending
356,134,2024-06-05,Phone,687.16,Shipped
357,134,2020-07-20,Keyboard,1412.42,Pending
358,136,2021-10-09,Laptop,1853.02,Shipped
359,137,2024-01-22,Phone,1237.22,Cancelled
360,137,2023-08-11,Headphones,1496.3,Pending
361,137,2022-11-19,Laptop,74.7,Pending
362,138,2021-03-13,Laptop,369.47,Cancelled
363,138,2024-10-13,Phone,1058.58,Cancelled
364,138,2021-11-05,Mouse,775.15,Cancelled
365,138,2021-07-07,Headphones,1778.51,Shipped
366,138,2023-09-17,Keyboard,1623.86,Cancelled
367,139,2021-08-18,Laptop,562.75,Shipped
368,139,2024-10-03,Monitor,937.64,Cancelled
369,139,2021-03-05,Laptop,1024.24,Pending
370,139,2024-06-04,Keyboard,356.75,Shipped
371,140,2024-03-01,Headphones,1459.42,Pending
372,140,2023-01-19,Headphones,1042.21,Shipped
373,140,2024-07-24,Laptop,526.88,Delivered
374,140,2023-05-14,Keyboard,796.81,Pending
375,141,2020-07-31,Laptop,1128.09,Delivered
376,142,2022-05-01,Keyboard,534.11,Cancelled
377,143,2020-10-31,Laptop,1164.5,Shipped
378,143,2021-02-15,Phone,1362.99,Shipped
379,144,2022-02-09,Mouse,1618.46,Shipped
380,145,2024-09-30,Laptop,1760.13,Cancelled
381,145,2020-07-20,Keyboard,688.24,Delivered
382,145,2021-01-06,Laptop,769.39,Cancelled
383,146,2024-10-18,Keyboard,1492.17,Pending
384,146,2025-04-17,Monitor,768.13,Delivered
385,146,2022-12-26,Mouse,1478.3,Pending
386,146,2025-05-09,Mouse,62.44,Delivered
387,148,2020-10-31,Phone,725.53,Shipped
388,149,2023-09-11,Laptop,1529.91,Delivered
389,149,2022-07-02,Headphones,1468.07,Shipped
390,150,2023-11-24,Phone,1967.08,Delivered
391,151,2021-01-24,Laptop,1946.49,Pending
392,151,2023-11-17,Headphones,595.66,Shipped
393,151,2020-08-10,Mouse,1799.71,Delivered
394,152,2024-02-13,Keyboard,943.99,Shipped
395,152,2022-05-15,Phone,236.38,Pending
396,152,2023-08-11,Headphones,1648.93,Shipped
397,152,2022-09-28,Phone,1157.25,Delivered
398,152,2022-08-08,Headphones,1930.23,Pending
399,153,2021-07-17,Keyboard,1709.28,Delivered
400,153,2022-12-15,Headphones,1672.2,Cancelled
401,154,2022-07-23,Monitor,580.31,Shipped
402,154,2024-12-07,Mouse,315.42,Shipped
403,155,2022-11-11,Laptop,370.53,Delivered
404,156,2023-12-04,Monitor,285.44,Cancelled
405,156,2024-12-18,Mouse,931.24,Delivered
406,157,2021-02-21,Laptop,226.32,Cancelled
407,157,2022-09-08,Headphones,1408.91,Shipped
408,158,2024-04-04,Keyboard,339.23,Pending
409,159,2024-03-16,Monitor,1051.25,Cancelled
410,159,2021-04-01,Keyboard,1649.17,Pending
411,161,2025-02-20,Monitor,1134.11,Pending
412,161,2023-04-03,Laptop,950.98,Pending
413,161,2023-01-25,Laptop,73.32,Pending
414,162,2023-04-28,Mouse,1656.16,Cancelled
415,163,2022-08-11,Headphones,1878.27,Shipped
416,163,2025-02-09,Phone,1192.93,Shipped
417,163,2023-01-15,Laptop,1994.46,Pending
418,163,2025-03-17,Headphones,914.69,Pending
419,163,2025-02-24,Laptop,1814.9,Cancelled
420,166,2021-04-15,Laptop,377.58,Delivered
421,166,2021-02-04,Headphones,820.25,Shipped
422,166,2020-09-04,Monitor,1382.27,Pending
423,167,2020-09-10,Mouse,1821.19,Cancelled
424,167,2023-03-04,Keyboard,919.72,Pending
425,169,2023-01-20,Phone,1253.11,Cancelled
426,169,2021-12-22,Monitor,853.38,Delivered
427,169,2025-02-21,Laptop,221.06,Delivered
428,169,2024-09-01,Mouse,867.51,Pending
429,170,2020-08-14,Phone,1599.95,Delivered
430,170,2023-02-20,Headphones,750.27,Delivered
431,170,2020-12-11,Keyboard,1829.72,Cancelled
432,170,2021-03-14,Monitor,577.35,Shipped
433,170,2023-02-14,Keyboard,1214.38,Shipped
434,171,2024-10-26,Laptop,1626.88,Delivered
435,171,2020-08-30,Phone,746.99,Pending
436,172,2023-09-21,Laptop,533.32,Pending
437,173,2024-10-24,Phone,1641.76,Shipped
438,173,2025-06-27,Mouse,1172.6,Delivered
439,174,2022-01-18,Mouse,393.4,Cancelled
440,174,2021-04-01,Headphones,1410.37,Shipped
441,175,2021-05-17,Headphones,735.78,Pending
442,175,2023-08-11,Phone,1899.32,Delivered
443,175,2021-05-15,Phone,652.65,Delivered
444,175,2022-12-21,Laptop,226.0,Pending
445,175,2021-01-04,Phone,476.68,Delivered
446,177,2021-09-10,Phone,442.86,Pending
447,177,2023-07-29,Keyboard,1448.03,Cancelled
448,180,2022-09-09,Phone,1424.16,Pending
449,182,2022-03-10,Keyboard,1923.09,Cancelled
450,182,2022-08-20,Headphones,1886.75,Delivered
451,182,2025-02-06,Phone,247.01,Cancelled
452,182,2023-01-09,Keyboard,316.08,Pending
453,183,2022-06-24,Monitor,1594.09,Delivered
454,183,2020-11-04,Headphones,668.7,Cancelled
455,183,2024-11-25,Mouse,1347.79,Pending
456,183,2025-05-06,Monitor,648.31,Cancelled
457,183,2024-03-18,Mouse,396.53,Shipped
458,184,2022-11-07,Phone,813.62,Shipped
459,184,2023-02-06,Mouse,1224.66,Pending
460,184,2025-01-21,Headphones,1152.82,Delivered
461,184,2023-12-20,Mouse,695.78,Shipped
462,184,2021-10-08,Mouse,726.28,Cancelled
463,185,2024-11-12,Headphones,1776.37,Shipped
464,186,2020-12-04,Headphones,1296.25,Cancelled
465,186,2023-04-29,Monitor,72.22,Pending
466,186,2025-06-24,Mouse,1401.69,Cancelled
467,186,2024-05-18,Keyboard,1584.69,Shipped
468,186,2021-04-01,Laptop,802.58,Delivered
469,187,2022-05-19,Monitor,1011.51,Delivered
470,188,2022-07-11,Phone,781.93,Delivered
471,188,2021-12-23,Phone,1319.39,Pending
472,189,2022-09-15,Monitor,193.73,Shipped
473,190,2021-06-27,Laptop,671.5,Shipped
474,190,2022-12-02,Laptop,716.53,Delivered
475,191,2022-07-13,Headphones,196.25,Shipped
476,192,2021-05-20,Phone,1971.29,Delivered
477,192,2021-08-30,Headphones,110.44,Pending
478,193,2022-09-03,Monitor,356.35,Shipped
479,193,2022-09-02,Keyboard,450.82,Pending
480,193,2024-03-22,Monitor,1409.53,Cancelled
481,193,2020-10-13,Headphones,598.97,Pending
482,196,2022-03-03,Phone,1121.84,Delivered
483,196,2022-05-23,Mouse,156.28,Shipped
484,196,2021-01-25,Monitor,220.88,Delivered
485,197,2022-08-24,Laptop,100.18,Pending
486,198,2023-02-27,Keyboard,1955.26,Delivered
487,198,2022-10-15,Laptop,651.29,Delivered
488,198,2021-05-31,Monitor,1003.74,Cancelled
489,198,2024-09-27,Laptop,1301.64,Delivered
490,198,2021-07-20,Mouse,773.49,Delivered
491,199,2021-10-13,Mouse,919.26,Cancelled
492,199,2020-09-05,Monitor,956.86,Pending
493,200,2023-05-25,Phone,170.2,Shipped
494,200,2025-04-18,Laptop,1352.88,Delivered
495,201,2024-02-06,Mouse,1129.52,Delivered
496,201,2023-03-23,Phone,866.33,Delivered
497,201,2022-11-26,Phone,1769.23,Delivered
498,201,2021-01-12,Keyboard,203.96,Shipped
499,202,2021-10-16,Phone,1805.89,Pending
500,202,2022-11-25,Laptop,1901.05,Delivered
501,202,2024-09-28,Mouse,1900.67,Pending
502,202,2021-04-10,Mouse,1626.5,Pending
503,204,2021-11-17,Laptop,1977.15,Delivered
504,204,2022-05-06,Mouse,1994.67,Pending
505,204,2025-05-07,Phone,552.88,Shipped
506,206,2023-07-10,Phone,824.84,Cancelled
507,206,2025-07-15,Keyboard,1063.39,Shipped
508,206,2024-01-15,Headphones,1264.96,Delivered
509,208,2025-04-21,Mouse,338.99,Shipped
510,208,2024-07-05,Laptop,1147.23,Shipped
511,208,2025-02-13,Keyboard,1741.58,Cancelled
512,209,2024-03-21,Keyboard,796.93,Delivered
513,209,2021-12-08,Phone,1237.48,Shipped
514,209,2024-05-25,Mouse,587.06,Pending
515,210,2025-04-17,Phone,1377.59,Delivered
516,210,2021-07-25,Laptop,821.8,Cancelled
517,210,2021-01-31,Headphones,513.28,Delivered
518,210,2023-11-08,Keyboard,1799.21,Shipped
519,211,2025-06-01,Keyboard,656.35,Delivered
520,211,2021-01-22,Headphones,1385.46,Pending
521,212,2021-01-13,Keyboard,1949.73,Delivered
522,213,2022-03-14,Keyboard,1471.16,Shipped
523,213,2024-01-17,Mouse,911.35,Delivered
524,214,2025-05-31,Monitor,1531.01,Cancelled
525,214,2025-06-26,Laptop,1054.78,Pending
526,214,2020-08-26,Laptop,656.69,Delivered
527,214,2021-06-02,Mouse,1572.01,Shipped
528,214,2021-10-02,Mouse,425.89,Pending
529,216,2023-11-01,Laptop,940.07,Cancelled
530,217,2021-10-13,Mouse,584.26,Delivered
531,217,2024-02-17,Phone,824.04,Shipped
532,217,2025-06-21,Headphones,109.6,Cancelled
533,217,2021-10-23,Monitor,1208.39,Pending
534,217,2023-09-08,Monitor,1194.42,Cancelled
535,218,2022-07-04,Mouse,1683.42,Cancelled
536,218,2024-09-29,Headphones,1670.2,Shipped
537,219,2024-12-09,Laptop,803.8,Pending
538,219,2024-06-09,Phone,1570.67,Pending
539,220,2024-12-05,Headphones,488.97,Pending
540,221,2023-01-23,Headphones,848.54,Shipped
541,221,2022-03-21,Headphones,67.35,Pending
542,222,2022-02-13,Mouse,1222.23,Shipped
543,222,2022-04-12,Mouse,542.16,Cancelled
544,222,2021-10-15,Headphones,1935.7,Cancelled
545,222,2021-03-21,Monitor,1796.19,Cancelled
546,222,2021-10-04,Monitor,541.4,Delivered
547,223,2023-07-03,Headphones,1065.24,Delivered
548,223,2022-05-26,Phone,249.51,Cancelled
549,224,2022-12-26,Headphones,1207.86,Cancelled
550,224,2021-08-11,Keyboard,1384.61,Delivered
551,224,2021-01-10,Laptop,705.75,Cancelled
552,224,2024-08-24,Headphones,684.02,Cancelled
553,225,2023-07-28,Headphones,1436.63,Cancelled
554,225,2021-10-08,Mouse,342.36,Pending
555,227,2021-03-13,Monitor,1338.03,Pending
556,227,2023-03-07,Headphones,99.64,Delivered
557,227,2022-02-05,Keyboard,555.88,Delivered
558,227,2024-01-29,Monitor,807.14,Shipped
559,228,2020-12-05,Headphones,1989.77,Pending
560,228,2021-06-28,Keyboard,1466.77,Pending
561,228,2022-09-14,Headphones,1092.54,Delivered
562,228,2023-03-22,Headphones,749.07,Cancelled
563,229,2025-03-05,Headphones,1759.16,Pending
564,230,2023-12-14,Laptop,968.02,Cancelled
565,230,2023-02-09,Headphones,1626.27,Pending
566,231,2025-01-22,Keyboard,1326.15,Pending
567,231,2024-05-09,Keyboard,485.49,Cancelled
568,231,2021-05-17,Monitor,1586.78,Cancelled
569,231,2022-05-30,Keyboard,558.09,Cancelled
570,231,2023-07-02,Monitor,1709.87,Delivered
571,233,2023-05-06,Phone,1181.61,Shipped
572,233,2022-12-05,Monitor,1784.38,Shipped
573,233,2023-12-29,Headphones,794.25,Cancelled
574,233,2023-09-04,Monitor,155.42,Pending
575,233,2021-10-20,Mouse,1985.08,Cancelled
576,234,2020-11-24,Phone,1791.05,Delivered
577,234,2025-01-09,Mouse,666.95,Pending
578,234,2020-08-14,Laptop,1000.78,Pending
579,235,2021-05-07,Headphones,163.13,Delivered
580,235,2022-04-09,Keyboard,458.3,Pending
581,236,2021-12-21,Mouse,1004.68,Shipped
582,236,2024-09-25,Mouse,1248.24,Delivered
583,236,2024-09-03,Monitor,886.6,Delivered
584,236,2022-05-14,Monitor,59.1,Pending
585,237,2023-08-01,Keyboard,1902.63,Cancelled
586,237,2022-11-03,Phone,421.62,Shipped
587,237,2021-07-20,Headphones,1480.53,Pending
588,237,2020-11-20,Headphones,1760.12,Cancelled
589,237,2021-02-15,Mouse,250.28,Cancelled
590,238,2022-11-18,Laptop,1656.5,Cancelled
591,239,2020-07-15,Monitor,1469.27,Cancelled
592,239,2025-01-20,Monitor,1781.55,Pending
593,240,2023-01-20,Monitor,750.54,Pending
594,240,2021-01-14,Mouse,1898.76,Delivered
595,242,2022-09-05,Mouse,1467.98,Pending
596,243,2025-06-29,Headphones,92.73,Pending
597,245,2023-12-29,Headphones,1318.55,Shipped
598,245,2022-04-17,Monitor,1759.26,Cancelled
599,246,2022-07-24,Phone,144.74,Shipped
600,246,2022-07-22,Headphones,260.82,Shipped
601,246,2021-09-13,Laptop,1395.01,Delivered
602,246,2024-06-26,Monitor,791.49,Cancelled
603,247,2021-04-28,Headphones,348.6,Shipped
604,247,2022-05-20,Keyboard,870.7,Shipped
605,247,2023-08-10,Headphones,1064.6,Pending
606,248,2024-10-15,Laptop,1047.59,Shipped
607,248,2023-02-27,Keyboard,272.32,Shipped
608,248,2021-06-12,Monitor,437.36,Pending
609,249,2024-11-03,Phone,1947.58,Cancelled
610,249,2022-06-09,Headphones,849.02,Pending
611,251,2022-04-22,Monitor,1825.2,Delivered
612,251,2022-09-23,Keyboard,507.29,Shipped
613,251,2021-03-22,Headphones,223.56,Shipped
614,251,2020-09-05,Phone,1354.59,Pending
615,253,2025-03-15,Laptop,1460.95,Shipped
616,253,2023-05-04,Keyboard,1306.46,Delivered
617,253,2023-01-01,Keyboard,565.04,Shipped
618,253,2024-02-09,Laptop,1635.7,Shipped
619,254,2024-02-28,Keyboard,1613.11,Cancelled
620,254,2025-07-09,Monitor,1490.15,Shipped
621,257,2021-05-09,Headphones,1312.04,Cancelled
622,258,2025-01-04,Monitor,1912.42,Cancelled
623,258,2023-03-21,Headphones,231.26,Cancelled
624,259,2022-09-26,Laptop,831.52,Delivered
625,260,2024-08-02,Monitor,1395.31,Delivered
626,260,2023-07-02,Monitor,1315.25,Pending
627,262,2020-07-29,Headphones,1466.5,Pending
628,264,2024-09-05,Phone,991.22,Delivered
629,264,2023-01-16,Mouse,1242.08,Cancelled
630,264,2025-05-24,Phone,106.19,Pending
631,265,2022-11-04,Monitor,270.23,Delivered
632,265,2024-05-20,Monitor,139.65,Cancelled
633,265,2023-12-05,Headphones,662.76,Pending
634,266,2024-06-14,Keyboard,1062.24,Shipped
635,266,2022-12-05,Monitor,1340.34,Pending
636,266,2022-05-10,Monitor,724.21,Delivered
637,266,2022-03-02,Mouse,1686.11,Shipped
638,266,2020-11-29,Laptop,1304.63,Pending
639,267,2024-04-02,Monitor,1711.15,Pending
640,267,2022-06-08,Laptop,1515.29,Cancelled
641,267,2022-10-19,Mouse,695.24,Cancelled
642,267,2025-05-06,Laptop,1038.51,Delivered
643,268,2022-04-03,Mouse,203.72,Delivered
644,268,2022-11-12,Phone,923.79,Delivered
645,268,2024-02-19,Monitor,666.32,Delivered
646,269,2024-07-09,Headphones,84.65,Delivered
647,269,2023-07-27,Monitor,119.87,Shipped
648,269,2024-07-21,Laptop,1593.98,Cancelled
649,269,2020-08-01,Phone,1146.55,Delivered
650,269,2024-03-20,Keyboard,758.52,Shipped
651,270,2022-10-30,Monitor,697.35,Delivered
652,271,2023-11-11,Headphones,758.42,Delivered
653,271,2024-08-31,Laptop,240.0,Pending
654,271,2024-10-09,Laptop,715.65,Cancelled
655,271,2021-10-11,Phone,1067.87,Shipped
656,271,2024-07-25,Laptop,1798.91,Delivered
657,272,2021-06-12,Headphones,1497.9,Delivered
658,274,2021-11-04,Phone,432.05,Shipped
659,274,2025-04-12,Monitor,470.4,Pending
660,275,2022-05-26,Keyboard,260.14,Delivered
661,275,2023-05-11,Laptop,1856.92,Shipped
662,275,2020-12-30,Monitor,941.91,Pending
663,275,2023-12-25,Monitor,58.46,Shipped
664,275,2025-06-15,Phone,1873.85,Delivered
665,276,2024-09-29,Mouse,1399.04,Pending
666,276,2021-01-18,Headphones,1639.73,Shipped
667,276,2021-01-31,Monitor,1332.17,Cancelled
668,276,2022-01-20,Phone,1768.71,Delivered
669,277,2023-11-28,Headphones,1536.63,Cancelled
670,277,2022-03-25,Monitor,1929.01,Cancelled
671,277,2025-06-01,Monitor,1619.35,Pending
672,277,2025-04-25,Monitor,1224.92,Cancelled
673,278,2025-02-13,Phone,1728.38,Pending
674,278,2021-12-25,Mouse,458.94,Cancelled
675,278,2024-09-06,Headphones,723.32,Pending
676,278,2021-05-02,Headphones,1317.67,Pending
677,278,2023-06-11,Phone,1107.86,Cancelled
678,279,2023-09-27,Laptop,1533.51,Delivered
679,279,2021-04-17,Phone,1162.74,Delivered
680,279,2021-07-27,Headphones,1508.34,Cancelled
681,279,2020-12-25,Monitor,1626.19,Shipped
682,279,2023-12-30,Laptop,792.7,Shipped
683,280,2021-12-15,Laptop,439.81,Pending
684,280,2025-06-21,Keyboard,1382.61,Pending
685,280,2023-07-02,Laptop,1396.66,Cancelled
686,280,2022-12-23,Mouse,1519.51,Shipped
687,280,2023-12-17,Keyboard,1637.35,Shipped
688,281,2025-05-26,Headphones,1492.01,Pending
689,281,2024-10-30,Headphones,1311.88,Delivered
690,281,2021-11-17,Mouse,1046.3,Cancelled
691,281,2023-04-13,Headphones,1345.76,Delivered
692,282,2025-07-03,Monitor,1915.57,Cancelled
693,282,2021-03-17,Phone,154.91,Cancelled
694,282,2024-03-05,Mouse,1260.1,Delivered
695,283,2022-06-19,Headphones,1424.03,Cancelled
696,284,2024-06-17,Phone,1489.98,Pending
697,284,2025-03-01,Headphones,1930.37,Cancelled
698,284,2022-10-10,Monitor,395.98,Shipped
699,284,2022-03-01,Mouse,1926.83,Shipped
700,285,2023-08-21,Laptop,885.59,Cancelled
701,285,2024-07-18,Mouse,363.81,Cancelled
702,285,2024-10-17,Laptop,694.6,Pending
703,287,2021-10-11,Keyboard,1213.92,Cancelled
704,288,2021-03-08,Phone,1122.81,Shipped
705,288,2021-06-01,Headphones,669.83,Pending
706,288,2023-01-27,Mouse,1065.18,Pending
707,289,2022-09-23,Phone,1097.22,Shipped
708,289,2024-01-16,Keyboard,481.34,Pending
709,289,2023-03-02,Headphones,697.17,Cancelled
710,290,2024-01-15,Mouse,1903.1,Delivered
711,290,2024-01-25,Phone,1656.19,Shipped
712,292,2023-01-05,Keyboard,919.05,Pending
713,292,2024-09-11,Laptop,1380.98,Cancelled
714,292,2023-08-04,Monitor,1836.07,Shipped
715,292,2020-09-05,Monitor,550.35,Cancelled
716,292,2025-04-07,Laptop,1827.11,Cancelled
717,293,2023-05-06,Phone,918.84,Shipped
718,293,2022-06-04,Keyboard,1801.65,Pending
719,293,2022-03-25,Keyboard,1052.09,Shipped
720,293,2024-08-06,Mouse,1944.68,Shipped
721,294,2024-09-12,Laptop,461.02,Pending
722,294,2025-03-22,Headphones,877.21,Shipped
723,294,2023-10-19,Mouse,1098.62,Delivered
724,294,2022-02-23,Headphones,1642.67,Shipped
725,294,2022-05-28,Headphones,1387.78,Shipped
726,295,2021-12-25,Headphones,696.84,Shipped
727,295,2023-06-15,Laptop,155.82,Cancelled
728,295,2021-11-03,Phone,187.36,Pending
729,296,2023-06-14,Monitor,806.66,Delivered
730,296,2023-08-02,Monitor,666.99,Delivered
731,297,2025-04-05,Laptop,1092.93,Shipped
732,297,2024-10-09,Headphones,1191.94,Shipped
733,297,2024-05-10,Keyboard,1859.69,Shipped
734,297,2024-11-24,Keyboard,1584.44,Cancelled
735,297,2024-08-06,Phone,218.69,Delivered
736,298,2020-10-19,Monitor,1653.14,Shipped
737,298,2023-11-11,Monitor,354.83,Pending
738,298,2021-06-03,Mouse,1506.17,Cancelled
739,299,2024-08-18,Mouse,631.21,Cancelled
740,299,2023-02-23,Laptop,1129.37,Pending
741,299,2024-11-18,Laptop,131.46,Delivered
742,299,2022-11-17,Phone,1117.67,Shipped
743,299,2022-04-10,Keyboard,459.6,Cancelled
744,300,2025-01-08,Monitor,1815.97,Pending
745,301,2022-07-25,Mouse,480.54,Cancelled
746,302,2023-03-13,Laptop,403.65,Shipped
747,303,2020-07-31,Monitor,1307.12,Shipped
748,303,2021-05-04,Keyboard,1359.79,Cancelled
749,303,2020-10-25,Laptop,434.96,Delivered
750,303,2022-02-08,Keyboard,746.42,Pending
751,305,2025-01-13,Phone,186.13,Pending
752,305,2023-09-29,Keyboard,997.43,Cancelled
753,306,2021-05-10,Headphones,646.07,Pending
754,306,2023-02-15,Phone,1155.38,Cancelled
755,306,2022-11-04,Monitor,378.85,Cancelled
756,306,2024-04-08,Mouse,1582.04,Delivered
757,307,2020-12-17,Keyboard,311.9,Cancelled
758,307,2022-05-12,Monitor,952.55,Cancelled
759,308,2023-01-26,Monitor,1125.76,Pending
760,308,2022-12-26,Headphones,1232.92,Cancelled
761,309,2020-12-25,Phone,433.04,Shipped
762,310,2020-10-20,Laptop,1789.61,Shipped
763,310,2021-02-03,Phone,1178.86,Pending
764,310,2022-04-16,Laptop,1125.61,Delivered
765,310,2021-04-19,Headphones,1561.63,Cancelled
766,310,2022-07-29,Monitor,485.45,Cancelled
767,311,2021-02-24,Monitor,1027.19,Shipped
768,312,2023-12-02,Keyboard,1029.23,Pending
769,312,2021-11-10,Phone,1384.12,Pending
770,312,2023-01-02,Monitor,360.48,Pending
771,313,2022-10-15,Headphones,992.83,Cancelled
772,313,2023-04-23,Laptop,476.7,Delivered
773,313,2021-09-18,Mouse,172.58,Cancelled
774,313,2025-03-29,Mouse,133.48,Pending
775,313,2024-10-31,Phone,1820.07,Cancelled
776,314,2023-07-04,Monitor,1839.91,Shipped
777,314,2022-01-13,Laptop,1962.15,Cancelled
778,314,2020-11-03,Laptop,1422.29,Cancelled
779,315,2025-04-01,Keyboard,1178.33,Pending
780,315,2024-11-26,Monitor,1324.67,Cancelled
781,315,2021-06-30,Phone,1324.01,Shipped
782,315,2021-03-07,Phone,540.59,Pending
783,315,2020-10-04,Phone,841.39,Cancelled
784,316,2024-06-03,Monitor,1779.99,Shipped
785,316,2024-10-25,Phone,1769.97,Delivered
786,316,2023-12-01,Mouse,498.48,Cancelled
787,317,2021-12-26,Mouse,414.47,Cancelled
788,318,2023-01-29,Headphones,1643.06,Pending
789,318,2022-09-08,Monitor,1631.79,Shipped
790,318,2024-08-08,Monitor,1366.7,Delivered
791,318,2022-05-15,Mouse,1202.04,Delivered
792,320,2022-04-20,Laptop,299.38,Pending
793,321,2021-04-08,Headphones,1049.65,Pending
794,323,2021-11-26,Keyboard,1848.77,Delivered
795,324,2024-01-19,Phone,1293.36,Cancelled
796,324,2020-08-30,Laptop,472.36,Delivered
797,324,2022-11-09,Monitor,382.61,Delivered
798,324,2021-11-17,Phone,328.29,Pending
799,325,2023-06-17,Headphones,1046.07,Pending
800,325,2023-09-28,Headphones,1386.9,Delivered
801,325,2024-02-10,Phone,1201.66,Pending
802,325,2024-03-21,Monitor,801.65,Shipped
803,327,2022-03-17,Phone,1726.2,Delivered
804,328,2023-07-20,Phone,237.78,Delivered
805,329,2022-08-15,Phone,126.12,Shipped
806,329,2023-05-26,Laptop,990.37,Pending
807,329,2024-09-13,Phone,1101.61,Shipped
808,329,2023-06-04,Headphones,1316.0,Delivered
809,330,2023-03-26,Laptop,1410.4,Delivered
810,330,2022-09-24,Mouse,1879.92,Delivered
811,331,2023-10-16,Keyboard,1198.64,Shipped
812,331,2024-11-05,Monitor,311.07,Delivered
813,331,2021-12-08,Mouse,1824.67,Shipped
814,332,2020-09-21,Phone,1759.69,Delivered
815,332,2021-04-15,Keyboard,418.59,Shipped
816,333,2021-12-07,Phone,279.77,Shipped
817,333,2020-10-06,Monitor,1326.36,Cancelled
818,333,2024-03-24,Monitor,756.43,Pending
819,333,2024-08-08,Monitor,1320.57,Cancelled
820,334,2020-09-15,Phone,875.95,Cancelled
821,334,2021-12-29,Phone,587.34,Delivered
822,335,2022-10-13,Monitor,1126.6,Delivered
823,336,2024-10-01,Keyboard,1140.23,Delivered
824,337,2021-09-19,Keyboard,1176.42,Delivered
825,337,2022-02-27,Headphones,319.23,Shipped
826,338,2025-05-15,Mouse,920.86,Pending
827,338,2022-05-16,Laptop,468.19,Delivered
828,338,2023-04-02,Keyboard,1611.66,Shipped
829,338,2020-10-11,Mouse,808.75,Shipped
830,338,2021-01-01,Laptop,1655.35,Delivered
831,339,2021-07-21,Monitor,221.87,Cancelled
832,339,2022-08-13,Mouse,773.13,Shipped
833,339,2020-08-30,Headphones,799.44,Delivered
834,339,2025-05-19,Phone,1329.54,Cancelled
835,340,2023-07-20,Phone,162.05,Pending
836,340,2022-09-04,Headphones,1014.02,Shipped
837,340,2021-09-16,Mouse,1708.61,Cancelled
838,340,2021-08-16,Mouse,115.54,Pending
839,340,2024-01-28,Phone,380.49,Shipped
840,341,2025-01-07,Mouse,1327.29,Pending
841,341,2022-02-27,Laptop,1993.79,Delivered
842,342,2022-02-17,Headphones,820.53,Pending
843,342,2024-01-13,Phone,79.96,Shipped
844,344,2020-08-03,Keyboard,1465.97,Cancelled
845,344,2025-01-06,Keyboard,1928.41,Cancelled
846,344,2021-03-26,Mouse,1232.41,Pending
847,344,2025-05-01,Monitor,1862.94,Shipped
848,345,2023-11-09,Mouse,843.91,Shipped
849,345,2020-07-31,Phone,191.15,Cancelled
850,346,2025-06-18,Laptop,1615.74,Cancelled
851,346,2023-04-25,Phone,1635.64,Cancelled
852,347,2021-02-11,Monitor,1933.81,Delivered
853,347,2023-09-23,Mouse,1527.07,Delivered
854,347,2022-02-21,Headphones,948.4,Shipped
855,347,2024-08-04,Monitor,276.72,Shipped
856,347,2023-03-28,Monitor,1285.64,Pending
857,348,2023-07-02,Headphones,498.36,Cancelled
858,348,2022-03-05,Monitor,1913.12,Shipped
859,348,2024-05-10,Headphones,1672.75,Pending
860,348,2023-12-15,Keyboard,231.37,Cancelled
861,348,2024-02-29,Laptop,1131.38,Pending
862,349,2020-10-11,Keyboard,739.4,Cancelled
863,349,2023-04-19,Mouse,1896.88,Pending
864,349,2020-10-23,Monitor,1487.37,Pending
865,350,2024-03-07,Mouse,1751.85,Pending
866,350,2024-04-08,Mouse,445.39,Pending
867,350,2020-09-01,Phone,744.25,Shipped
868,350,2021-01-20,Laptop,1844.37,Delivered
869,350,2021-03-31,Phone,62.92,Shipped
870,351,2022-04-15,Keyboard,1260.3,Delivered
871,351,2023-03-18,Phone,1744.1,Delivered
872,351,2023-12-23,Mouse,1969.57,Cancelled
873,352,2022-09-11,Mouse,1512.83,Pending
874,352,2023-11-12,Laptop,1075.18,Delivered
875,352,2023-04-02,Monitor,1882.33,Shipped
876,353,2024-04-15,Keyboard,817.75,Pending
877,353,2021-02-13,Monitor,1954.19,Delivered
878,353,2020-12-02,Keyboard,1393.96,Shipped
879,353,2025-03-31,Headphones,460.97,Shipped
880,354,2022-06-27,Keyboard,1244.92,Cancelled
881,354,2024-03-01,Mouse,1119.7,Pending
882,355,2021-12-14,Monitor,1919.13,Cancelled
883,355,2024-04-02,Keyboard,408.63,Delivered
884,356,2024-09-24,Monitor,1416.39,Cancelled
885,357,2025-02-09,Monitor,595.28,Pending
886,357,2024-10-19,Phone,305.72,Pending
887,359,2021-12-25,Keyboard,1617.97,Delivered
888,359,2022-11-29,Monitor,432.32,Pending
889,359,2023-08-24,Monitor,1621.05,Pending
890,359,2021-09-10,Monitor,1024.22,Cancelled
891,359,2024-03-22,Monitor,635.07,Shipped
892,360,2022-11-22,Laptop,1396.56,Shipped
893,360,2022-06-27,Mouse,1636.95,Delivered
894,360,2021-09-19,Headphones,237.79,Cancelled
895,361,2025-04-18,Keyboard,752.6,Cancelled
896,361,2023-04-15,Keyboard,88.68,Shipped
897,362,2023-07-14,Headphones,1928.08,Pending
898,362,2023-06-24,Phone,1172.99,Pending
899,363,2024-06-22,Keyboard,683.93,Delivered
900,363,2023-02-05,Headphones,921.51,Shipped
901,364,2021-06-17,Phone,608.72,Pending
902,364,2022-09-12,Mouse,1299.13,Cancelled
903,364,2024-05-02,Monitor,1280.98,Delivered
904,367,2020-12-22,Keyboard,495.02,Cancelled
905,368,2020-08-07,Keyboard,1435.35,Delivered
906,368,2025-03-23,Keyboard,1781.0,Cancelled
907,368,2022-08-26,Headphones,1194.49,Delivered
908,368,2023-05-01,Monitor,376.27,Shipped
909,368,2025-05-27,Mouse,1469.16,Cancelled
910,369,2022-01-04,Headphones,1511.99,Pending
911,369,2024-07-08,Mouse,824.24,Shipped
912,369,2024-11-18,Laptop,1876.75,Delivered
913,369,2021-12-01,Phone,154.96,Delivered
914,369,2022-09-12,Phone,1541.74,Shipped
915,371,2020-09-03,Phone,352.79,Delivered
916,371,2022-02-10,Keyboard,497.24,Cancelled
917,372,2024-09-01,Headphones,296.5,Pending
918,372,2023-03-20,Laptop,118.55,Cancelled
919,372,2022-07-16,Keyboard,1735.27,Delivered
920,373,2022-04-25,Keyboard,1119.66,Pending
921,373,2020-10-28,Headphones,1101.61,Delivered
922,373,2020-08-13,Headphones,1510.38,Delivered
923,373,2025-05-08,Phone,1297.58,Cancelled
924,374,2024-02-01,Monitor,1102.35,Shipped
925,374,2023-02-18,Monitor,650.34,Delivered
926,375,2022-12-18,Mouse,641.97,Shipped
927,375,2023-05-01,Phone,1639.99,Pending
928,376,2020-09-07,Keyboard,964.94,Shipped
929,376,2022-10-28,Headphones,1848.07,Delivered
930,377,2021-08-14,Laptop,1543.44,Cancelled
931,377,2022-03-19,Phone,500.87,Shipped
932,378,2023-11-21,Keyboard,417.71,Delivered
933,378,2023-06-26,Monitor,537.3,Delivered
934,378,2021-07-27,Monitor,480.16,Shipped
935,378,2024-03-21,Monitor,1269.38,Cancelled
936,379,2021-10-28,Headphones,1498.71,Cancelled
937,379,2021-11-14,Monitor,416.6,Shipped
938,380,2021-10-22,Mouse,614.71,Delivered
939,381,2021-11-16,Monitor,580.66,Delivered
940,381,2024-02-12,Mouse,675.26,Pending
941,381,2025-05-06,Laptop,1940.95,Shipped
942,381,2023-09-15,Mouse,1946.05,Cancelled
943,382,2022-03-23,Mouse,1444.63,Shipped
944,382,2024-01-16,Mouse,225.88,Shipped
945,383,2022-07-23,Mouse,716.73,Cancelled
946,383,2020-09-10,Monitor,1996.03,Delivered
947,383,2022-11-27,Headphones,1593.28,Cancelled
948,385,2022-01-17,Laptop,569.68,Delivered
949,387,2023-08-07,Monitor,404.13,Cancelled
950,387,2023-04-06,Monitor,1665.09,Shipped
951,387,2024-12-01,Headphones,535.48,Delivered
952,387,2022-11-08,Mouse,1488.36,Shipped
953,388,2023-07-12,Monitor,1483.88,Shipped
954,389,2025-07-14,Headphones,1965.13,Delivered
955,389,2022-12-15,Monitor,1378.81,Cancelled
956,389,2024-05-26,Keyboard,359.29,Shipped
957,389,2024-11-07,Headphones,1877.97,Shipped
958,390,2024-11-14,Monitor,1295.11,Pending
959,390,2021-03-12,Keyboard,1780.66,Pending
960,392,2023-02-22,Headphones,896.62,Shipped
961,393,2024-09-18,Keyboard,1190.16,Delivered
962,394,2025-02-28,Laptop,1939.23,Delivered
963,395,2024-07-02,Phone,352.23,Shipped
964,395,2024-12-09,Mouse,357.51,Shipped
965,395,2022-10-04,Headphones,1256.36,Shipped
966,395,2024-10-02,Laptop,743.26,Pending
967,395,2022-08-13,Headphones,1095.89,Shipped
968,396,2024-05-09,Monitor,503.72,Cancelled
969,397,2024-04-11,Headphones,426.28,Delivered
970,397,2021-08-29,Keyboard,1462.58,Cancelled
971,397,2023-08-29,Laptop,996.34,Delivered
972,398,2021-10-22,Keyboard,1108.33,Delivered
973,398,2022-03-25,Mouse,1155.07,Cancelled
974,398,2022-05-28,Keyboard,1478.18,Cancelled
975,398,2022-08-12,Phone,1833.22,Pending
976,400,2022-09-22,Mouse,926.3,Cancelled
977,400,2024-09-20,Phone,765.87,Shipped
978,400,2020-11-22,Headphones,1036.62,Pending
979,400,2022-01-13,Laptop,1258.48,Cancelled
980,401,2025-01-06,Mouse,675.35,Shipped
981,401,2025-06-13,Headphones,1935.97,Delivered
982,401,2022-07-23,Mouse,1071.94,Delivered
983,401,2021-07-14,Phone,350.56,Cancelled
984,402,2022-10-07,Monitor,1299.76,Shipped
985,402,2023-01-25,Laptop,1070.24,Shipped
986,404,2020-08-15,Mouse,1753.31,Pending
987,406,2021-01-25,Mouse,242.57,Delivered
988,406,2021-02-27,Headphones,1005.32,Cancelled
989,406,2023-11-20,Laptop,764.39,Shipped
990,408,2023-01-09,Headphones,1008.24,Shipped
991,409,2023-01-30,Headphones,168.37,Delivered
992,409,2024-03-10,Keyboard,1598.79,Shipped
993,409,2023-12-25,Phone,568.34,Shipped
994,410,2021-08-08,Laptop,1677.19,Shipped
995,410,2021-11-26,Mouse,1923.14,Shipped
996,410,2024-10-07,Laptop,1464.09,Delivered
997,410,2024-10-07,Mouse,426.58,Pending
998,410,2023-02-18,Phone,1269.38,Pending
999,411,2024-07-13,Headphones,1138.38,Shipped
1000,411,2021-01-04,Headphones,1174.3,Delivered
1001,411,2023-03-16,Headphones,1347.22,Shipped
1002,411,2023-03-10,Mouse,1595.3,Delivered
1003,412,2022-03-26,Keyboard,1332.19,Delivered
1004,412,2025-05-28,Keyboard,1809.85,Cancelled
1005,412,2024-02-24,Keyboard,854.07,Delivered
1006,412,2023-05-23,Headphones,680.73,Pending
1007,413,2021-08-26,Phone,467.16,Cancelled
1008,413,2023-10-15,Keyboard,1925.22,Delivered
1009,413,2024-10-28,Monitor,50.38,Shipped
1010,413,2022-04-18,Keyboard,1211.74,Pending
1011,414,2024-09-07,Laptop,635.65,Pending
1012,414,2024-05-14,Mouse,1718.65,Shipped
1013,415,2023-12-07,Keyboard,1842.27,Pending
1014,415,2024-07-02,Laptop,123.59,Cancelled
1015,415,2024-07-03,Mouse,319.9,Cancelled
1016,415,2023-09-24,Phone,537.22,Cancelled
1017,415,2024-07-12,Keyboard,229.21,Delivered
1018,416,2021-07-05,Mouse,1481.82,Cancelled
1019,416,2021-11-04,Monitor,387.16,Shipped
1020,416,2025-01-01,Phone,1302.4,Shipped
1021,416,2020-11-24,Headphones,1626.27,Delivered
1022,419,2025-06-07,Keyboard,1765.6,Delivered
1023,419,2022-12-10,Monitor,1863.98,Shipped
1024,420,2021-07-01,Headphones,1322.92,Shipped
1025,421,2024-09-16,Headphones,795.85,Cancelled
1026,421,2022-06-09,Phone,130.31,Pending
1027,421,2021-08-26,Keyboard,1029.68,Pending
1028,421,2023-03-23,Mouse,148.51,Delivered
1029,421,2022-08-08,Monitor,1518.04,Shipped
1030,422,2023-05-14,Monitor,615.08,Delivered
1031,423,2023-12-06,Mouse,705.53,Delivered
1032,424,2022-01-11,Headphones,146.16,Delivered
1033,424,2020-08-14,Keyboard,215.9,Delivered
1034,424,2022-08-21,Headphones,304.23,Pending
1035,424,2023-04-29,Monitor,1140.63,Delivered
1036,425,2025-01-15,Headphones,1164.09,Pending
1037,425,2022-08-11,Mouse,189.71,Delivered
1038,425,2020-09-27,Keyboard,1385.24,Shipped
1039,427,2022-02-10,Monitor,875.9,Cancelled
1040,427,2021-12-09,Mouse,675.44,Shipped
1041,427,2021-04-19,Keyboard,380.05,Cancelled
1042,427,2024-02-11,Phone,1652.09,Delivered
1043,427,2020-08-13,Phone,334.35,Shipped
1044,428,2020-10-12,Mouse,1386.45,Pending
1045,429,2024-12-21,Laptop,269.12,Shipped
1046,429,2021-03-29,Mouse,1900.43,Pending
1047,429,2022-11-24,Keyboard,76.78,Shipped
1048,429,2022-08-02,Keyboard,927.62,Shipped
1049,429,2024-04-16,Keyboard,457.57,Pending
1050,430,2023-11-19,Phone,1070.37,Cancelled
1051,431,2022-10-13,Monitor,1264.93,Pending
1052,431,2024-09-09,Headphones,1412.57,Shipped
1053,431,2023-01-25,Monitor,1186.86,Shipped
1054,431,2024-01-07,Keyboard,382.12,Cancelled
1055,432,2021-01-30,Headphones,1255.03,Shipped
1056,433,2022-02-10,Headphones,1893.09,Shipped
1057,433,2025-07-08,Monitor,1337.73,Cancelled
1058,433,2023-11-06,Laptop,87.2,Delivered
1059,434,2021-03-03,Monitor,1041.65,Shipped
1060,435,2025-06-30,Monitor,1740.21,Shipped
1061,435,2021-03-06,Mouse,437.81,Delivered
1062,436,2021-01-16,Headphones,91.9,Pending
1063,436,2023-06-26,Phone,644.61,Delivered
1064,436,2021-02-18,Monitor,1501.56,Shipped
1065,436,2022-10-17,Keyboard,1384.41,Cancelled
1066,437,2024-06-29,Keyboard,510.6,Cancelled
1067,437,2021-10-08,Laptop,1270.3,Delivered
1068,437,2023-10-24,Laptop,1891.07,Cancelled
1069,437,2024-01-08,Mouse,345.83,Delivered
1070,437,2024-04-11,Headphones,317.66,Delivered
1071,438,2022-05-17,Headphones,1244.27,Pending
1072,438,2023-09-15,Monitor,518.7,Pending
1073,438,2022-02-05,Monitor,1942.55,Cancelled
1074,438,2021-10-07,Monitor,1107.36,Pending
1075,439,2025-03-24,Mouse,1183.01,Pending
1076,439,2022-08-23,Mouse,652.55,Pending
1077,439,2025-03-09,Monitor,1991.59,Pending
1078,439,2021-07-08,Headphones,1869.41,Pending
1079,439,2023-02-25,Keyboard,182.24,Shipped
1080,440,2021-07-28,Keyboard,1687.07,Pending
1081,441,2022-05-16,Laptop,1542.6,Delivered
1082,441,2022-09-04,Monitor,641.53,Cancelled
1083,441,2024-05-01,Mouse,1569.26,Shipped
1084,441,2021-05-14,Mouse,410.26,Cancelled
1085,441,2025-06-09,Phone,1155.73,Pending
1086,442,2024-11-28,Mouse,500.28,Shipped
1087,442,2020-11-03,Keyboard,204.98,Delivered
1088,442,2024-01-05,Mouse,1029.53,Delivered
1089,442,2024-08-05,Headphones,1316.66,Pending
1090,443,2024-03-02,Monitor,974.0,Pending
1091,443,2023-01-11,Mouse,491.23,Delivered
1092,443,2023-04-23,Laptop,1854.6,Delivered
1093,444,2022-05-03,Headphones,1359.11,Pending
1094,445,2023-12-20,Laptop,395.3,Delivered
1095,446,2020-11-29,Monitor,1391.33,Delivered
1096,446,2025-01-02,Mouse,883.73,Shipped
1097,446,2022-03-06,Phone,1483.9,Delivered
1098,446,2022-11-13,Headphones,660.15,Shipped
1099,447,2022-11-12,Laptop,930.64,Shipped
1100,447,2023-07-18,Mouse,1061.47,Delivered
1101,447,2023-12-24,Headphones,126.54,Delivered
1102,447,2022-08-22,Phone,1542.06,Shipped
1103,448,2021-02-23,Keyboard,907.13,Cancelled
1104,449,2024-05-12,Monitor,374.65,Cancelled
1105,449,2021-08-27,Phone,1842.11,Pending
1106,450,2023-03-21,Headphones,930.81,Shipped
1107,450,2025-02-10,Mouse,1568.53,Pending
1108,450,2022-06-21,Monitor,856.44,Delivered
1109,452,2021-06-24,Monitor,1201.12,Pending
1110,453,2020-09-25,Laptop,537.66,Pending
1111,453,2023-05-06,Headphones,1479.86,Shipped
1112,453,2021-10-13,Laptop,1427.14,Cancelled
1113,455,2022-04-22,Headphones,798.97,Pending
1114,455,2020-10-21,Monitor,1123.17,Shipped
1115,455,2024-08-28,Mouse,1828.89,Pending
1116,455,2022-10-03,Mouse,1744.2,Pending
1117,456,2021-10-29,Laptop,868.18,Cancelled
1118,456,2021-12-28,Headphones,1548.83,Delivered
1119,456,2025-06-18,Keyboard,1271.58,Shipped
1120,456,2021-08-02,Mouse,1922.85,Shipped
1121,456,2021-04-05,Phone,1542.52,Shipped
1122,457,2024-07-04,Monitor,1718.05,Shipped
1123,457,2020-12-04,Phone,1771.27,Pending
1124,457,2024-12-27,Mouse,1198.28,Delivered
1125,458,2020-11-22,Monitor,911.66,Shipped
1126,458,2022-01-20,Mouse,1770.23,Cancelled
1127,458,2020-12-21,Phone,1275.84,Pending
1128,460,2020-10-26,Mouse,157.37,Cancelled
1129,462,2024-06-25,Laptop,1350.64,Cancelled
1130,463,2024-02-15,Laptop,145.61,Delivered
1131,463,2020-08-04,Mouse,364.6,Cancelled
1132,464,2022-03-24,Headphones,1398.45,Pending
1133,464,2023-05-02,Monitor,1511.2,Cancelled
1134,464,2024-09-08,Laptop,231.6,Cancelled
1135,464,2025-03-12,Keyboard,768.71,Delivered
1136,466,2020-08-06,Phone,176.61,Delivered
1137,466,2025-03-01,Mouse,287.95,Cancelled
1138,466,2021-04-02,Keyboard,1077.75,Pending
1139,467,2023-04-11,Mouse,1243.5,Shipped
1140,467,2024-04-26,Phone,1472.97,Shipped
1141,467,2023-07-06,Monitor,1461.94,Cancelled
1142,467,2021-07-03,Monitor,1237.25,Cancelled
1143,467,2021-06-25,Keyboard,1074.51,Cancelled
1144,468,2021-06-02,Phone,1147.14,Delivered
1145,469,2025-06-21,Mouse,1773.14,Pending
1146,469,2024-01-23,Headphones,616.45,Pending
1147,469,2023-06-22,Laptop,280.5,Delivered
1148,470,2022-02-15,Laptop,1488.06,Pending
1149,470,2020-10-25,Phone,1998.02,Delivered
1150,470,2025-07-12,Laptop,700.89,Pending
1151,470,2023-03-07,Laptop,1299.21,Cancelled
1152,470,2025-03-15,Keyboard,1590.88,Cancelled
1153,471,2025-07-07,Phone,1122.49,Shipped
1154,471,2024-10-31,Laptop,1387.38,Cancelled
1155,472,2024-07-02,Headphones,1159.4,Shipped
1156,472,2022-05-17,Mouse,428.33,Cancelled
1157,472,2021-08-06,Headphones,984.26,Delivered
1158,474,2021-11-06,Mouse,988.92,Delivered
1159,474,2024-10-02,Phone,1797.06,Delivered
1160,474,2025-06-20,Monitor,1859.19,Shipped
1161,474,2022-07-26,Phone,633.72,Cancelled
1162,474,2024-03-30,Phone,1094.98,Pending
1163,475,2022-06-02,Headphones,696.85,Cancelled
1164,475,2023-06-12,Laptop,1940.75,Cancelled
1165,475,2024-03-13,Laptop,711.35,Delivered
1166,475,2021-01-09,Headphones,1091.83,Pending
1167,476,2023-06-01,Phone,809.65,Shipped
1168,476,2024-03-05,Keyboard,1425.27,Cancelled
1169,476,2023-12-20,Headphones,111.68,Delivered
1170,476,2022-11-14,Laptop,1019.26,Pending
1171,477,2022-02-20,Monitor,1667.44,Cancelled
1172,477,2020-12-07,Mouse,1073.95,Pending
1173,479,2023-12-05,Laptop,1566.69,Shipped
1174,479,2023-06-13,Monitor,1036.69,Delivered
1175,480,2024-10-18,Mouse,420.91,Delivered
1176,480,2023-12-10,Headphones,1754.06,Cancelled
1177,480,2021-08-04,Keyboard,329.43,Shipped
1178,480,2020-08-18,Phone,1369.6,Pending
1179,481,2023-07-20,Headphones,121.28,Delivered
1180,482,2022-10-26,Phone,275.88,Cancelled
1181,482,2023-11-23,Laptop,1389.75,Shipped
1182,482,2025-01-30,Keyboard,960.41,Shipped
1183,482,2023-06-27,Laptop,1065.13,Cancelled
1184,482,2022-12-16,Laptop,1176.24,Cancelled
1185,483,2024-07-07,Mouse,675.72,Pending
1186,483,2025-02-28,Keyboard,589.47,Cancelled
1187,483,2023-07-16,Monitor,1358.69,Cancelled
1188,483,2020-12-02,Mouse,357.12,Shipped
1189,483,2022-04-02,Laptop,1918.68,Shipped
1190,484,2024-12-25,Phone,733.12,Cancelled
1191,485,2022-12-21,Mouse,1889.39,Cancelled
1192,485,2025-04-10,Phone,527.41,Shipped
1193,486,2023-06-16,Phone,1789.87,Delivered
1194,486,2024-07-14,Laptop,303.64,Delivered
1195,487,2024-07-28,Laptop,256.56,Shipped
1196,487,2021-05-07,Laptop,881.61,Pending
1197,487,2025-01-27,Headphones,1212.44,Delivered
1198,487,2024-06-29,Phone,743.47,Cancelled
1199,487,2022-05-15,Mouse,1440.15,Shipped
1200,488,2021-07-13,Phone,307.0,Delivered
1201,488,2022-02-26,Laptop,938.39,Delivered
1202,488,2021-03-26,Monitor,501.8,Pending
1203,489,2021-06-07,Phone,553.2,Cancelled
1204,490,2024-03-28,Mouse,1414.25,Cancelled
1205,490,2024-05-17,Keyboard,933.9,Shipped
1206,490,2024-07-19,Laptop,976.9,Cancelled
1207,491,2021-02-24,Monitor,1699.24,Cancelled
1208,491,2022-02-05,Keyboard,1228.66,Pending
1209,491,2020-11-29,Phone,250.72,Shipped
1210,492,2025-07-02,Phone,1316.43,Cancelled
1211,492,2021-04-30,Phone,948.9,Delivered
1212,493,2023-04-16,Phone,525.2,Pending
1213,494,2023-12-11,Monitor,178.82,Pending
1214,494,2021-11-12,Headphones,1202.39,Delivered
1215,494,2022-08-25,Phone,1585.29,Pending
1216,495,2023-02-02,Headphones,1355.73,Delivered
1217,497,2025-02-15,Phone,952.67,Shipped
1218,497,2022-10-30,Monitor,393.54,Delivered
1219,497,2023-06-15,Laptop,1216.61,Delivered
1220,497,2023-04-24,Keyboard,1013.88,Shipped
1221,499,2024-03-04,Mouse,1780.16,Shipped
1222,500,2024-03-30,Headphones,340.97,Cancelled
